[
	{
		"inputs": [
			{
				"internalType": "address",
				"name": "_ownerAddress",
				"type": "address"
			},
			{
				"internalType": "address",
				"name": "_contractAddress",
				"type": "address"
			},
			{
				"internalType": "uint256[]",
				"name": "_products",
				"type": "uint256[]"
			}
		],
		"name": "addproduct",
		"outputs": [
			{
				"internalType": "string",
				"name": "",
				"type": "string"
			}
		],
		"stateMutability": "nonpayable",
		"type": "function"
	},
	{
		"inputs": [],
		"name": "createSmartContract",
		"outputs": [],
		"stateMutability": "nonpayable",
		"type": "function"
	},
	{
		"inputs": [
			{
				"internalType": "address",
				"name": "_contractAddress",
				"type": "address"
			},
			{
				"internalType": "uint256",
				"name": "_productHashCode",
				"type": "uint256"
			}
		],
		"name": "checkProduct",
		"outputs": [
			{
				"internalType": "string",
				"name": "",
				"type": "string"
			}
		],
		"stateMutability": "view",
		"type": "function"
	},
	{
		"inputs": [
			{
				"internalType": "address",
				"name": "_walletAddress",
				"type": "address"
			}
		],
		"name": "getCompanySmartContractAddress",
		"outputs": [
			{
				"internalType": "address",
				"name": "",
				"type": "address"
			}
		],
		"stateMutability": "view",
		"type": "function"
	},
	{
		"inputs": [
			{
				"internalType": "address",
				"name": "_val",
				"type": "address"
			}
		],
		"name": "retrieve",
		"outputs": [
			{
				"internalType": "address",
				"name": "",
				"type": "address"
			}
		],
		"stateMutability": "pure",
		"type": "function"
	}
]